[0.8, 0.1, 0.1];Vald;Savidge;Laplas-Baies;Ghurvitz;Ghermeyer;Hojj-Leman
[4.0, 3.0, 5.0];| 3.0 |;| 2.0 |;4.0;| 4.0 |;3.2;| 6.5 |
[6.0, 2.0, 3.0];2.0;4.0;| 5.3 |;4.0;4.800000000000001;5.65
[2.0, 5.0, -2.0];-2.0;7.0;1.9000000000000001;1.5;| 1.6 |;-2.05
